Year,Team,Odds
2011,Duke Blue Devils,+500
2011,Purdue Boilermakers,+750
2011,Michigan State Spartans,+850
2011,Kentucky Wildcats,+850
2011,Kansas State Wildcats,+1200
2011,Memphis Tigers,+1500
2011,Baylor Bears,+1800
2011,North Carolina Tar Heels,+1800
2011,Villanova Wildcats,+1800
2011,Texas Longhorns,+2000
2011,Florida Gators,+2000
2011,Kansas Jayhawks,+2000
2011,Pittsburgh Panthers,+2000
2011,Ohio State Buckeyes,+2200
2011,Tennessee Volunteers,+2200
2011,Louisville Cardinals,+2500
2011,Georgetown Hoyas,+2500
2011,Illinois Fighting Illini,+2500
2011,Butler Bulldogs,+3000
2011,Syracuse Orange,+3000
2011,Wisconsin Badgers,+3300
2011,UCLA Bruins,+4000
2011,Connecticut Huskies,+4000
2011,West Virginia Mountaineers,+5000
2011,Missouri Tigers,+5000
2011,Gonzaga Bulldogs,+5000
2011,Washington Huskies,+6000
2011,Seton Hall Pirates,+6600
2011,Texas A&M Aggies,+6600
2011,Xavier Musketeers,+6600
2011,Mississippi State Bulldogs,+6600
2011,Brigham Young Cougars,+6600
2011,Florida State Seminoles,+6600
2011,Georgia Tech Yellow Jackets,+6600
2011,Arizona Wildcats,+6600
2011,Michigan Wolverines,+6600
2011,Miami-Florida Hurricanes,+8000
2011,Marquette Golden Eagles,+8000
2011,Oregon Ducks,+10000
2011,Arizona State Sun Devils,+10000
2011,Notre Dame Fighting Irish,+10000
2011,Indiana Hoosiers,+10000
2011,Maryland Terrapins,+10000
2011,Oklahoma State Cowboys,+12500
2011,Mississippi Rebels,+12500
2011,Washington State Cougars,+12500
2011,Clemson Tigers,+12500
2011,Virginia Tech Hokies,+12500
2011,California Golden Bears,+12500
2011,Stanford Cardinal,+12500
2011,Alabama Crimson Tide,+12500
2011,Texas Tech Red Raiders,+12500
2011,Iowa Hawkeyes,+15000
2012,North Carolina Tar Heels,+350
2012,Kentucky Wildcats,+550
2012,Ohio State Buckeyes,+850
2012,Duke Blue Devils,+900
2012,Louisville Cardinals,+1000
2012,Syracuse Orange,+1200
2012,Florida Gators,+1600
2012,Connecticut Huskies,+2000
2012,Texas Longhorns,+2200
2012,Memphis Tigers,+2200
2012,Pittsburgh Panthers,+2200
2012,UCLA Bruins,+2200
2012,Kansas Jayhawks,+2500
2012,Michigan State Spartans,+2500
2012,Saint Johns Red Storm,+2500
2012,Indiana Hoosiers,+3000
2012,Vanderbilt Commodores,+3000
2012,Arizona Wildcats,+3300
2012,Baylor Bears,+3300
2012,Georgetown Hoyas,+3500
2012,Gonzaga Bulldogs,+4000
2012,Michigan Wolverines,+4000
2012,Kansas State Wildcats,+5000
2012,Alabama Crimson Tide,+5000
2012,Washington Huskies,+5000
2012,Butler Bulldogs,+5000
2012,Notre Dame Fighting Irish,+5000
2012,Wisconsin Badgers,+5000
2012,Villanova Wildcats,+5000
2012,Texas A&M Aggies,+5500
2012,Florida State Seminoles,+6600
2012,West Virginia Mountaineers,+6600
2012,Mississippi State Bulldogs,+6600
2012,Oregon Ducks,+8000
2012,Tennessee Volunteers,+8000
2012,Missouri Tigers,+8000
2012,Illinois Fighting Illini,+8500
2012,Washington State Cougars,+10000
2012,Oklahoma State Cowboys,+10000
2012,Oklahoma Sooners,+10000
2012,North Carolina State Wolfpack,+10000
2012,UNLV Rebels,+10000
2012,Marquette Golden Eagles,+10000
2012,Maryland Terrapins,+10000
2012,Xavier Musketeers,+10000
2012,Mississippi Rebels,+12500
2012,Georgia Bulldogs,+12500
2012,Clemson Tigers,+12500
2012,Virginia Tech Hokies,+12500
2012,Colorado Buffaloes,+12500
2012,California Golden Bears,+12500
2012,Georgia Tech Yellow Jackets,+12500
2012,Iowa Hawkeyes,+12500
2012,Stanford Cardinal,+12500
2012,Purdue Boilermakers,+12500
2012,San Diego State Aztecs,+12500
2012,Seton Hall Pirates,+12500
2012,Southern California Trojans,+12500
2012,Miami-Florida Hurricanes,+12500
2012,Arizona State Sun Devils,+15000
2012,Brigham Young Cougars,+17500
2012,Louisiana State Tigers,+20000
2012,Wake Forest Demon Deacons,+25000
2013,Indiana Hoosiers,+500
2013,Louisville Cardinals,+700
2013,North Carolina State Wolfpack,+1000
2013,UCLA Bruins,+1200
2013,Kentucky Wildcats,+1200
2013,Kansas Jayhawks,+1500
2013,Ohio State Buckeyes,+2000
2013,UNLV Rebels,+2000
2013,Michigan Wolverines,+2000
2013,Duke Blue Devils,+2000
2013,Arizona Wildcats,+2500
2013,Florida Gators,+2500
2013,Michigan State Spartans,+2500
2013,Syracuse Orange,+2500
2013,Missouri Tigers,+3000
2013,North Carolina Tar Heels,+3000
2013,Gonzaga Bulldogs,+4000
2013,Memphis Tigers,+5000
2013,Creighton Blue Jays,+5000
2013,Pittsburgh Panthers,+5000
2013,San Diego State Aztecs,+5000
2013,Baylor Bears,+5000
2013,Georgetown Hoyas,+5000
2013,Texas Longhorns,+7500
2013,Miami-Florida Hurricanes,+8000
2013,Temple Owls,+10000
2013,Oklahoma State Cowboys,+10000
2013,Saint Josephs-Pennsylvania Hawks,+10000
2013,Marquette Golden Eagles,+10000
2013,Saint Louis Billikens,+10000
2013,Texas A&M Aggies,+10000
2013,Stanford Cardinal,+10000
2013,Notre Dame Fighting Irish,+10000
2013,Southern California Trojans,+10000
2013,Minnesota Golden Gophers,+10000
2013,Tennessee Volunteers,+10000
2013,Virginia Cavaliers,+10000
2013,West Virginia Mountaineers,+10000
2013,Washington Huskies,+10000
2013,California Golden Bears,+10000
2013,Virginia Commonwealth Rams,+10000
2013,Butler Bulldogs,+10000
2013,Wisconsin Badgers,+10000
2013,Drexel Dragons,+10000
2013,Florida State Seminoles,+10000
2013,Cincinnati Bearcats,+10000
2013,Kansas State Wildcats,+10000
2013,Iowa State Cyclones,+10000
2013,Alabama Crimson Tide,+10000
2013,Illinois Fighting Illini,+10000
2013,Arkansas Razorbacks,+10000
2013,South Florida Bulls,+20000
2013,Saint Marys College-California Gaels,+20000
2013,Richmond Spiders,+20000
2013,Rutgers Scarlet Knights,+20000
2013,Xavier Musketeers,+20000
2013,Virginia Tech Hokies,+20000
2013,Seton Hall Pirates,+20000
2013,Saint Johns Red Storm,+20000
2013,Utah State Aggies,+20000
2013,Vanderbilt Commodores,+20000
2013,Villanova Wildcats,+20000
2013,Saint Bonaventure Bonnies,+20000
2013,Southern Mississippi Golden Eagles,+20000
2013,Wichita State Shockers,+20000
2013,South Carolina Gamecocks,+20000
2013,Purdue Boilermakers,+20000
2013,Providence Friars,+20000
2013,California State-Long Beach 49ers,+20000
2013,La Salle Explorers,+20000
2013,Iowa Hawkeyes,+20000
2013,Harvard Crimson,+20000
2013,Georgia Tech Yellow Jackets,+20000
2013,Georgia Bulldogs,+20000
2013,George Mason Patriots,+20000
2013,DePaul Blue Demons,+20000
2013,Dayton Flyers,+20000
2013,Davidson College Wildcats,+20000
2013,Colorado Buffaloes,+20000
2013,Clemson Tigers,+20000
2013,Brigham Young Cougars,+20000
2013,Louisiana State Tigers,+20000
2013,Marshall Thundering Herd,+20000
2013,Maryland Terrapins,+20000
2013,Oregon State Beavers,+20000
2013,Oregon Ducks,+20000
2013,Oklahoma Sooners,+20000
2013,Ohio Bobcats,+20000
2013,Northwestern Wildcats,+20000
2013,Northern Iowa Panthers,+20000
2013,New Mexico Lobos,+20000
2013,Nevada Wolf Pack,+20000
2013,Murray State Racers,+20000
2013,Colorado State Rams,+20000
2013,Mississippi State Bulldogs,+20000
2013,Mississippi Rebels,+20000
2013,Massachusetts Minutemen,+20000
2013,Belmont Bruins,+20000
2013,Central Florida Knights,+30000
2014,Kentucky Wildcats,+400
2014,Kansas Jayhawks,+550
2014,Duke Blue Devils,+800
2014,Louisville Cardinals,+800
2014,Michigan State Spartans,+900
2014,Arizona Wildcats,+1800
2014,Ohio State Buckeyes,+2200
2014,Florida Gators,+2200
2014,Syracuse Orange,+2500
2014,Oklahoma State Cowboys,+3000
2014,North Carolina Tar Heels,+3000
2014,Michigan Wolverines,+3500
2014,Oregon Ducks,+6000
2014,Connecticut Huskies,+6500
2014,Virginia Commonwealth Rams,+7000
2014,Memphis Tigers,+7000
2014,Gonzaga Bulldogs,+8500
2014,Georgetown Hoyas,+8500
2014,Indiana Hoosiers,+8500
2014,Iowa Hawkeyes,+8500
2014,Wisconsin Badgers,+8500
2014,La Salle Explorers,+10000
2014,Louisiana State Tigers,+10000
2014,Virginia Cavaliers,+10000
2014,UCLA Bruins,+10000
2014,Villanova Wildcats,+10000
2014,Iowa State Cyclones,+10000
2014,Harvard Crimson,+10000
2014,Saint Louis Billikens,+12500
2014,Baylor Bears,+12500
2014,Marquette Golden Eagles,+12500
2014,Wichita State Shockers,+12500
2014,Notre Dame Fighting Irish,+12500
2014,Colorado Buffaloes,+12500
2014,UNLV Rebels,+12500
2014,Tennessee Volunteers,+12500
2014,New Mexico Lobos,+12500
2014,Saint Johns Red Storm,+12500
2014,Creighton Blue Jays,+12500
2014,Maryland Terrapins,+15000
2014,Missouri Tigers,+20000
2014,San Diego State Aztecs,+20000
2014,Purdue Boilermakers,+20000
2014,Pittsburgh Panthers,+20000
2014,Florida State Seminoles,+20000
2014,Alabama Crimson Tide,+20000
2014,Arizona State Sun Devils,+20000
2014,Boise State Broncos,+20000
2014,Brigham Young Cougars,+20000
2014,Cincinnati Bearcats,+20000
2014,Texas-El Paso Miners,+20000
2014,Stanford Cardinal,+20000
2014,Kansas State Wildcats,+20000
2014,Boston College Eagles,+20000
2014,Southern Mississippi Golden Eagles,+20000
2014,Texas Longhorns,+30000
2014,Oklahoma Sooners,+30000
2014,Providence Friars,+30000
2014,West Virginia Mountaineers,+30000
2014,California Golden Bears,+30000
2014,Xavier Musketeers,+30000
2014,Washington Huskies,+30000
2014,Saint Marys College-California Gaels,+30000
2014,Mississippi Rebels,+30000
2014,Minnesota Golden Gophers,+30000
2014,Saint Josephs-Pennsylvania Hawks,+50000
2014,Texas A&M Aggies,+50000
2014,South Carolina Gamecocks,+50000
2014,Richmond Spiders,+50000
2014,Dayton Flyers,+50000
2014,Davidson College Wildcats,+50000
2014,North Carolina-Charlotte 49ers,+50000
2014,Butler Bulldogs,+50000
2014,Georgia Bulldogs,+50000
2014,Georgia Tech Yellow Jackets,+50000
2014,Wisconsin-Green Bay Phoenix,+50000
2014,Belmont Bruins,+50000
2014,Illinois Fighting Illini,+50000
2014,Massachusetts Minutemen,+50000
2014,Northwestern Wildcats,+50000
2014,Arkansas Razorbacks,+50000
2014,Northern Iowa Panthers,+50000
2014,North Carolina State Wolfpack,+50000
2014,Miami-Florida Hurricanes,+50000
2014,Wake Forest Demon Deacons,+100000
2014,Clemson Tigers,+100000
2014,Colorado State Rams,+100000
2014,Ohio Bobcats,+100000
2014,Vanderbilt Commodores,+100000
2014,East Carolina Pirates,+100000
2014,Central Florida Knights,+100000
2014,Evansville Aces,+100000
2014,Fresno State Bulldogs,+100000
2014,Temple Owls,+100000
2014,George Mason Patriots,+100000
2014,Southern California Trojans,+100000
2014,Rhode Island Rams,+100000
2014,Akron Zips,+100000
2015,Kentucky Wildcats,+275
2015,Wisconsin Badgers,+750
2015,Arizona Wildcats,+800
2015,Duke Blue Devils,+900
2015,North Carolina Tar Heels,+1000
2015,Kansas Jayhawks,+1500
2015,Louisville Cardinals,+1800
2015,Florida Gators,+2000
2015,Texas Longhorns,+2500
2015,Gonzaga Bulldogs,+2500
2015,Villanova Wildcats,+2500
2015,Southern Methodist Mustangs,+3000
2015,Iowa State Cyclones,+3300
2015,Wichita State Shockers,+3300
2015,Virginia Cavaliers,+3300
2015,Connecticut Huskies,+3500
2015,UCLA Bruins,+4000
2015,Michigan Wolverines,+4000
2015,Michigan State Spartans,+4000
2015,Syracuse Orange,+4500
2015,Virginia Commonwealth Rams,+5000
2015,San Diego State Aztecs,+5000
2015,Oklahoma Sooners,+5500
2015,Oregon Ducks,+6500
2015,Ohio State Buckeyes,+6600
2015,Nebraska Cornhuskers,+7000
2015,Iowa Hawkeyes,+7500
2015,Baylor Bears,+8000
2015,UNLV Rebels,+10000
2015,Miami-Florida Hurricanes,+10000
2015,Saint Johns Red Storm,+10000
2015,Saint Louis Billikens,+10000
2015,Minnesota Golden Gophers,+10000
2015,Pittsburgh Panthers,+10000
2015,Seton Hall Pirates,+10000
2015,Kansas State Wildcats,+10000
2015,Missouri Tigers,+10000
2015,Memphis Tigers,+10000
2015,Arkansas Razorbacks,+10000
2015,Georgetown Hoyas,+10000
2015,Indiana Hoosiers,+10000
2015,Georgia Bulldogs,+10000
2015,Stanford Cardinal,+10000
2015,Louisiana State Tigers,+10000
2015,Marquette Golden Eagles,+10000
2015,Maryland Terrapins,+10000
2015,Florida State Seminoles,+10000
2015,Colorado Buffaloes,+12500
2015,Providence Friars,+12500
2015,Tennessee Volunteers,+12500
2015,Oklahoma State Cowboys,+12500
2015,Cincinnati Bearcats,+15000
2015,Dayton Flyers,+15000
2015,Arizona State Sun Devils,+15000
2015,Harvard Crimson,+15000
2015,Alabama Crimson Tide,+20000
2015,New Mexico Lobos,+20000
2015,Massachusetts Minutemen,+20000
2015,Xavier Musketeers,+22500
2015,Mississippi Rebels,+25000
2015,Purdue Boilermakers,+25000
2015,Butler Bulldogs,+25000
2015,Vanderbilt Commodores,+30000
2015,Colorado State Rams,+30000
2015,Saint Josephs-Pennsylvania Hawks,+30000
2015,California Golden Bears,+30000
2015,Washington Huskies,+30000
2015,Clemson Tigers,+30000
2015,DePaul Blue Demons,+30000
2015,George Washington Colonials,+30000
2015,Penn State Nittany Lions,+30000
2015,South Carolina Gamecocks,+30000
2015,La Salle Explorers,+30000
2015,Georgia Tech Yellow Jackets,+30000
2015,Creighton Blue Jays,+35000
2015,Brigham Young Cougars,+35000
2015,Texas Tech Red Raiders,+50000
2015,Richmond Spiders,+50000
2015,Boston College Eagles,+50000
2015,Texas A&M Aggies,+50000
2016,Kentucky Wildcats,+850
2016,North Carolina Tar Heels,+900
2016,Duke Blue Devils,+950
2016,Maryland Terrapins,+1200
2016,Kansas Jayhawks,+1250
2016,Virginia Cavaliers,+1800
2016,Michigan State Spartans,+2000
2016,California Golden Bears,+2300
2016,Gonzaga Bulldogs,+2300
2016,Arizona Wildcats,+2500
2016,Villanova Wildcats,+2500
2016,Wichita State Shockers,+2500
2016,Iowa State Cyclones,+2800
2016,Indiana Hoosiers,+3250
2016,Louisiana State Tigers,+3500
2016,Oklahoma Sooners,+3750
2016,Connecticut Huskies,+4500
2016,Michigan Wolverines,+4500
2016,Louisville Cardinals,+5000
2016,Texas Longhorns,+5500
2016,Purdue Boilermakers,+6500
2016,Butler Bulldogs,+7500
2016,Wisconsin Badgers,+7500
2016,Georgetown Hoyas,+8500
2016,Notre Dame Fighting Irish,+8500
2016,Southern Methodist Mustangs,+8500
2016,Syracuse Orange,+8500
2016,North Carolina State Wolfpack,+9000
2016,Utah Utes,+9000
2016,Baylor Bears,+9500
2016,Cincinnati Bearcats,+10000
2016,Florida State Seminoles,+10000
2016,Vanderbilt Commodores,+10000
2016,Florida Gators,+11000
2016,Miami-Florida Hurricanes,+11000
2016,Ohio State Buckeyes,+11000
2016,Texas A&M Aggies,+11000
2016,Dayton Flyers,+12500
2016,Oregon Ducks,+12500
2016,UCLA Bruins,+12500
2016,West Virginia Mountaineers,+12500
2016,Georgia Bulldogs,+15000
2016,Providence Friars,+15000
2016,San Diego State Aztecs,+15000
2016,Iowa Hawkeyes,+17500
2016,Illinois Fighting Illini,+22500
2016,Georgia Tech Yellow Jackets,+25000
2016,UNLV Rebels,+25000
2016,Rhode Island Rams,+25000
2016,Tulsa Golden Hurricane,+25000
2016,Xavier Musketeers,+25000
2016,Pittsburgh Panthers,+27500
2016,Arizona State Sun Devils,+30000
2016,Auburn Tigers,+30000
2016,Creighton Blue Jays,+30000
2016,Memphis Tigers,+30000
2016,Mississippi Rebels,+30000
2016,South Carolina Gamecocks,+30000
2016,Virginia Commonwealth Rams,+30000
2016,Boise State Broncos,+35000
2016,Boston College Eagles,+35000
2016,Brigham Young Cougars,+35000
2016,Marquette Golden Eagles,+35000
2016,Saint Louis Billikens,+35000
2016,Old Dominion Monarchs,+40000
2016,Saint Josephs-Pennsylvania Hawks,+40000
2016,Alabama Crimson Tide,+50000
2016,Alabama-Birmingham Blazers,+50000
2016,Arkansas Razorbacks,+50000
2016,Belmont Bruins,+50000
2016,Clemson Tigers,+50000
2016,Colorado Buffaloes,+50000
2016,Davidson College Wildcats,+50000
2016,Harvard Crimson,+50000
2016,Illinois State Redbirds,+50000
2016,Kansas State Wildcats,+50000
2016,Minnesota Golden Gophers,+50000
2016,Mississippi State Bulldogs,+50000
2016,Missouri Tigers,+50000
2016,Murray State Racers,+50000
2016,New Mexico Lobos,+50000
2016,Northern Iowa Panthers,+50000
2016,Oregon State Beavers,+50000
2016,Seton Hall Pirates,+50000
2016,Saint Johns Red Storm,+50000
2016,Stanford Cardinal,+50000
2016,Stephen F. Austin State Lumberjacks,+50000
2016,Tennessee Volunteers,+50000
2016,Valparaiso Crusaders,+50000
2016,Virginia Tech Hokies,+50000
2016,George Washington Colonials,+55000
2016,Oklahoma State Cowboys,+55000
2016,Buffalo Bulls,+60000
2016,Washington Huskies,+60000
2016,Richmond Spiders,+70000
2016,Texas Christian Horned Frogs,+75000
2016,Massachusetts Minutemen,+80000
2016,California-Irvine Anteaters,+100000
2016,Central Michigan Chippewas,+100000
2016,DePaul Blue Demons,+100000
2016,Louisiana Tech Bulldogs,+100000
2016,Nebraska Cornhuskers,+100000
2016,Northwestern Wildcats,+100000
2016,Penn State Nittany Lions,+100000
2016,Saint Marys College-California Gaels,+100000
2016,Southern California Trojans,+100000
2016,Temple Owls,+100000
2016,Wake Forest Demon Deacons,+100000
2016,La Salle Explorers,+150000
2016,New Mexico State Aggies,+150000
2016,Texas-El Paso Miners,+150000
2017,Duke Blue Devils,+335
2017,Kentucky Wildcats,+650
2017,Kansas Jayhawks,+900
2017,Oregon Ducks,+1100
2017,Villanova Wildcats,+1250
2017,Michigan State Spartans,+1650
2017,Indiana Hoosiers,+1800
2017,North Carolina Tar Heels,+1900
2017,Wisconsin Badgers,+2050
2017,Arizona Wildcats,+2100
2017,Louisville Cardinals,+2200
2017,Syracuse Orange,+2500
2017,Virginia Cavaliers,+2700
2017,Xavier Musketeers,+2800
2017,Purdue Boilermakers,+4500
2017,West Virginia Mountaineers,+4800
2017,Connecticut Huskies,+5000
2017,Maryland Terrapins,+5000
2017,Iowa State Cyclones,+6000
2017,Gonzaga Bulldogs,+6600
2017,Texas Longhorns,+6600
2017,Miami-Florida Hurricanes,+7000
2017,UCLA Bruins,+7800
2017,North Carolina State Wolfpack,+8500
2017,Baylor Bears,+11000
2017,Seton Hall Pirates,+11000
2017,Texas A&M Aggies,+11000
2017,Florida Gators,+12000
2017,Cincinnati Bearcats,+13000
2017,Iowa Hawkeyes,+13000
2017,Utah Utes,+13000
2017,Michigan Wolverines,+13500
2017,Mississippi State Bulldogs,+13500
2017,Oklahoma Sooners,+13500
2017,Butler Bulldogs,+14000
2017,Georgetown Hoyas,+14500
2017,Florida State Seminoles,+15000
2017,Saint Marys College-California Gaels,+15000
2017,Arizona State Sun Devils,+16000
2017,San Diego State Aztecs,+19000
2017,Dayton Flyers,+20000
2017,Ohio State Buckeyes,+20000
2017,Southern Methodist Mustangs,+20000
2017,Wichita State Shockers,+20000
2017,Creighton Blue Jays,+22000
2017,Southern California Trojans,+22000
2017,Tennessee Volunteers,+22000
2017,Notre Dame Fighting Irish,+22500
2017,Colorado Buffaloes,+25000
2017,Georgia Bulldogs,+25000
2017,Harvard Crimson,+25000
2017,South Carolina Gamecocks,+25000
2017,Vanderbilt Commodores,+25000
2017,Virginia Commonwealth Rams,+25000
2017,Virginia Tech Hokies,+25000
2017,Rhode Island Rams,+26000
2017,Brigham Young Cougars,+27000
2017,California Golden Bears,+27500
2017,Auburn Tigers,+30000
2017,Princeton Tigers,+30000
2017,Clemson Tigers,+32500
2017,Davidson College Wildcats,+32500
2017,Houston Cougars,+32500
2017,Northwestern Wildcats,+32500
2017,Texas Tech Red Raiders,+32500
2017,Georgia Tech Yellow Jackets,+33000
2017,Memphis Tigers,+33000
2017,Minnesota Golden Gophers,+33000
2017,Providence Friars,+33000
2017,Alabama Crimson Tide,+35000
2017,Arkansas Razorbacks,+35000
2017,Boise State Broncos,+35000
2017,Colorado State Rams,+35000
2017,Fresno State Bulldogs,+35000
2017,Illinois Fighting Illini,+35000
2017,Kansas State Wildcats,+35000
2017,Marquette Golden Eagles,+35000
2017,Mississippi Rebels,+35000
2017,UNLV Rebels,+35000
2017,Oklahoma State Cowboys,+35000
2017,Pittsburgh Panthers,+35000
2017,Tulsa Golden Hurricane,+35000
2017,Wake Forest Demon Deacons,+35000
2017,Nebraska Cornhuskers,+37500
2017,Louisiana State Tigers,+40000
2017,Oregon State Beavers,+40000
2017,Saint Johns Red Storm,+40000
2017,Washington Huskies,+40000
2017,Oakland Golden Grizzlies,+52500
2017,Saint Bonaventure Bonnies,+52500
2017,DePaul Blue Demons,+55000
2017,Missouri Tigers,+55000
2017,New Mexico Lobos,+55000
2017,Stanford Cardinal,+55000
2017,Temple Owls,+55000
2017,Penn State Nittany Lions,+57500
2017,Saint Josephs-Pennsylvania Hawks,+80000
2017,Akron Zips,+100000
2017,Buffalo Bulls,+100000
2017,Tennessee-Chattanooga Moccasins,+100000
2017,Evansville Aces,+100000
2017,George Washington Colonials,+100000
2017,Illinois State Redbirds,+100000
2017,Iona Gaels,+100000
2017,Louisiana Tech Bulldogs,+100000
2017,Marshall Thundering Herd,+100000
2017,Massachusetts Minutemen,+100000
2017,Monmouth-New Jersey Hawks,+100000
2017,North Dakota State Bison,+100000
2017,Northern Iowa Panthers,+100000
2017,Ohio Bobcats,+100000
2017,Old Dominion Monarchs,+100000
2017,Richmond Spiders,+100000
2017,South Dakota State Jackrabbits,+100000
2017,Stephen F. Austin State Lumberjacks,+100000
2017,Texas-Arlington Mavericks,+100000
2017,Toledo Rockets,+100000
2017,Valparaiso Crusaders,+100000
2017,Yale Bulldogs,+100000
2017,Rutgers Scarlet Knights,+110000
2017,Texas Christian Horned Frogs,+110000
2017,Utah State Aggies,+110000
2017,Alabama-Birmingham Blazers,+200000
2017,Arkansas-Little Rock Trojans,+200000
2017,Belmont Bruins,+200000
2017,Boston College Eagles,+200000
2017,California State-Bakersfield Roadrunners,+200000
2017,California-Irvine Anteaters,+200000
2017,California-Santa Barbara Gauchos,+200000
2017,Central Michigan Chippewas,+200000
2017,North Carolina-Charlotte 49ers,+200000
2017,Florida Gulf Coast Eagles,+200000
2017,Georgia State Panthers,+200000
2017,IUPU-Fort Wayne Mastadons,+200000
2017,Kent State Golden Flashes,+200000
2017,Louisiana-Lafayette Ragin Cajuns,+200000
2017,Louisiana-Monroe Warhawks,+200000
2017,Montana Grizzlies,+200000
2017,Morehead State Eagles,+200000
2017,Nevada Wolf Pack,+200000
2017,New Mexico State Aggies,+200000
2017,Pepperdine Waves,+200000
2017,Texas-El Paso Miners,+200000
2017,Weber State Wildcats,+200000
2017,Western Kentucky Hilltoppers,+200000
2017,Duquesne Dukes,+220000
2017,California State-Long Beach 49ers,+220000
2017,Washington State Cougars,+220000
2017,Robert Morris Colonials,+550000
2017,Youngstown State Penguins,+600000
2018,Duke Blue Devils,+525
2018,Michigan State Spartans,+725
2018,Arizona Wildcats,+1050
2018,Kentucky Wildcats,+1050
2018,Kansas Jayhawks,+1600
2018,North Carolina Tar Heels,+2500
2018,Villanova Wildcats,+2700
2018,Wichita State Shockers,+2700
2018,Florida Gators,+3000
2018,Southern California Trojans,+3000
2018,Louisville Cardinals,+3500
2018,Missouri Tigers,+3500
2018,Cincinnati Bearcats,+5000
2018,Gonzaga Bulldogs,+6000
2018,Notre Dame Fighting Irish,+6000
2018,West Virginia Mountaineers,+6000
2018,Michigan Wolverines,+6500
2018,Oregon Ducks,+6500
2018,Saint Marys College-California Gaels,+6500
2018,Alabama Crimson Tide,+6750
2018,Virginia Cavaliers,+7000
2018,Purdue Boilermakers,+7500
2018,Miami-Florida Hurricanes,+8000
2018,Texas Longhorns,+8000
2018,UCLA Bruins,+8000
2018,Texas A&M Aggies,+8500
2018,Texas Christian Horned Frogs,+8750
2018,Baylor Bears,+10000
2018,Minnesota Golden Gophers,+10000
2018,Seton Hall Pirates,+10000
2018,Wisconsin Badgers,+10000
2018,Xavier Musketeers,+10000
2018,Indiana Hoosiers,+12500
2018,Northwestern Wildcats,+13000
2018,Butler Bulldogs,+15000
2018,Creighton Blue Jays,+15000
2018,Oklahoma Sooners,+15000
2018,Vanderbilt Commodores,+15000
2018,Maryland Terrapins,+17500
2018,Arkansas Razorbacks,+20000
2018,Auburn Tigers,+20000
2018,Florida State Seminoles,+20000
2018,Iowa State Cyclones,+20000
2018,Nevada Wolf Pack,+20000
2018,Syracuse Orange,+20000
2018,Virginia Tech Hokies,+20000
2018,Connecticut Huskies,+22500
2018,San Diego State Aztecs,+22500
2018,South Carolina Gamecocks,+22500
2018,Southern Methodist Mustangs,+22500
2018,Utah Utes,+22500
2018,Providence Friars,+25000
2018,Arizona State Sun Devils,+30000
2018,Brigham Young Cougars,+30000
2018,Georgia Bulldogs,+30000
2018,Illinois Fighting Illini,+30000
2018,Iowa Hawkeyes,+30000
2018,Marquette Golden Eagles,+30000
2018,Penn State Nittany Lions,+30000
2018,Rhode Island Rams,+30000
2018,Stanford Cardinal,+30000
2018,Virginia Commonwealth Rams,+30000
2018,Wake Forest Demon Deacons,+30000
2018,Texas Tech Red Raiders,+40000
2018,Arkansas-Little Rock Trojans,+42500
2018,Alabama State Hornets,+50000
2018,Boise State Broncos,+50000
2018,Central Florida Knights,+50000
2018,Clemson Tigers,+50000
2018,Colorado State Rams,+50000
2018,Dayton Flyers,+50000
2018,Fresno State Bulldogs,+50000
2018,Georgetown Hoyas,+50000
2018,Georgia Tech Yellow Jackets,+50000
2018,Kansas State Wildcats,+50000
2018,Mississippi Rebels,+50000
2018,Mississippi State Bulldogs,+50000
2018,Nebraska Cornhuskers,+50000
2018,North Carolina State Wolfpack,+50000
2018,Ohio State Buckeyes,+50000
2018,Oklahoma State Cowboys,+50000
2018,Oregon State Beavers,+50000
2018,Saint Johns Red Storm,+50000
2018,Temple Owls,+50000
2018,Tennessee Volunteers,+50000
2018,Houston Cougars,+62500
2018,Mississippi Valley State Delta Devils,+65000
2018,California Golden Bears,+67500
2018,Colorado Buffaloes,+67500
2018,Davidson College Wildcats,+70000
2018,Belmont Bruins,+100000
2018,Buffalo Bulls,+100000
2018,College of Charleston Cougars,+100000
2018,Georgia State Panthers,+100000
2018,Grand Canyon Antelope,+100000
2018,Harvard Crimson,+100000
2018,Illinois State Redbirds,+100000
2018,La Salle Explorers,+100000
2018,Louisiana State Tigers,+100000
2018,Memphis Tigers,+100000
2018,UNLV Rebels,+100000
2018,New Mexico State Aggies,+100000
2018,Northern Iowa Panthers,+100000
2018,Oakland Golden Grizzlies,+100000
2018,Old Dominion Monarchs,+100000
2018,Princeton Tigers,+100000
2018,Richmond Spiders,+100000
2018,Saint Bonaventure Bonnies,+100000
2018,Valparaiso Crusaders,+100000
2018,Vermont Catamounts,+100000
2018,Yale Bulldogs,+100000
2018,Western Kentucky Hilltoppers,+125000
2018,Akron Zips,+200000
2018,Arkansas State Red Wolves,+200000
2018,Boston College Eagles,+200000
2018,Tennessee-Chattanooga Moccasins,+200000
2018,East Tennessee State Buccaneers,+200000
2018,Florida Gulf Coast Eagles,+200000
2018,George Mason Patriots,+200000
2018,George Washington Colonials,+200000
2018,Louisiana Tech Bulldogs,+200000
2018,New Mexico Lobos,+200000
2018,Ohio Bobcats,+200000
2018,Pittsburgh Panthers,+200000
2018,Utah State Aggies,+200000
2018,Washington State Cougars,+200000
2018,Bucknell Bison,+250000
2018,Kent State Golden Flashes,+250000
2018,Saint Josephs-Pennsylvania Hawks,+250000
2018,Monmouth-New Jersey Hawks,+300000
2018,Troy Trojans,+300000
2018,Washington Huskies,+300000
2018,Abilene Christian Wildcats,+500000
2018,Air Force Falcons,+500000
2018,Alabama A&M Bulldogs,+500000
2018,Alabama-Birmingham Blazers,+500000
2018,Albany Great Danes,+500000
2018,Alcorn State Braves,+500000
2018,American Eagles,+500000
2018,Appalachian State Mountaineers,+500000
2018,Arkansas-Pine Bluff Golden Lions,+500000
2018,Army Black Knights,+500000
2018,Austin Peay State Governors,+500000
2018,Ball State Cardinals,+500000
2018,Bethune Cookman Wildcats,+500000
2018,Binghamton Bearcats,+500000
2018,Boston University Terriers,+500000
2018,Bowling Green State Falcons,+500000
2018,Bradley Braves,+500000
2018,Brown Bears,+500000
2018,Bryant University Bulldogs,+500000
2018,Cal Poly-Slo Mustangs,+500000
2018,California State-Bakersfield Roadrunners,+500000
2018,California State-Fullerton Titans,+500000
2018,California State-Northridge Matadors,+500000
2018,California-Davis Aggies,+500000
2018,California-Irvine Anteaters,+500000
2018,California-Riverside Highlanders,+500000
2018,California-Santa Barbara Gauchos,+500000
2018,Campbell Fighting Camels,+500000
2018,Canisius Golden Griffins,+500000
2018,Central Arkansas Bears,+500000
2018,Central Connecticut State Blue Devils,+500000
2018,Central Michigan Chippewas,+500000
2018,Charleston Southern Buccaneers,+500000
2018,North Carolina-Charlotte 49ers,+500000
2018,Chicago State Cougars,+500000
2018,Citadel Bulldogs,+500000
2018,Cleveland State Vikings,+500000
2018,Coastal Carolina Chanticleers,+500000
2018,Colgate Red Raiders,+500000
2018,Columbia Lions,+500000
2018,Coppin State Eagles,+500000
2018,Cornell Big Red,+500000
2018,Dartmouth College Big Green,+500000
2018,Delaware Blue Hens,+500000
2018,Delaware State Hornets,+500000
2018,Denver Pioneers,+500000
2018,DePaul Blue Demons,+500000
2018,Detroit-Mercy Titans,+500000
2018,Drake Bulldogs,+500000
2018,Drexel Dragons,+500000
2018,Duquesne Dukes,+500000
2018,East Carolina Pirates,+500000
2018,Eastern Illinois Panthers,+500000
2018,Eastern Kentucky Colonels,+500000
2018,Eastern Michigan Eagles,+500000
2018,Eastern Washington Eagles,+500000
2018,Elon Phoenix,+500000
2018,Evansville Aces,+500000
2018,Fairfield Stags,+500000
2018,Fairleigh Dickinson-Metropolitan Knights,+500000
2018,Florida A&M Rattlers,+500000
2018,Florida Atlantic Owls,+500000
2018,Florida International Panthers,+500000
2018,Fordham Rams,+500000
2018,Furman  Paladins,+500000
2018,Gardner Webb Runnin Bulldogs,+500000
2018,Georgia Southern Eagles,+500000
2018,Grambling State Tigers,+500000
2018,Wisconsin-Green Bay Phoenix,+500000
2018,Hampton University Pirates,+500000
2018,Hartford Hawks,+500000
2018,Hawaii Rainbow Warriors,+500000
2018,High Point Panthers,+500000
2018,Hofstra Pride,+500000
2018,Holy Cross Crusaders,+500000
2018,Houston Baptist Huskies,+500000
2018,Idaho Vandals,+500000
2018,Illinois-Chicago Flames,+500000
2018,Incarnate Word Cardinals,+500000
2018,Indiana State Sycamores,+500000
2018,Jackson State Tigers,+500000
2018,Jacksonville Dolphins,+500000
2018,Jacksonville State Gamecocks,+500000
2018,James Madison Dukes,+500000
2018,Kennesaw State Owls,+500000
2018,California State-Long Beach 49ers,+500000
2018,Long Island Brooklyn Blackbirds,+500000
2018,Louisiana-Lafayette Ragin Cajuns,+500000
2018,Louisiana-Monroe Warhawks,+500000
2018,Loyola-Chicago Ramblers,+500000
2018,Loyola-Marymount Lions,+500000
2018,Loyola-Maryland Greyhounds,+500000
2018,Maine Black Bears,+500000
2018,Maryland-Baltimore County Retrievers,+500000
2018,Maryland-Eastern Shore Hawks,+500000
2018,Massachusetts-Lowell River Hawks,+500000
2018,McNeese State Cowboys,+500000
2018,Miami-Ohio Redhawks,+500000
2018,Wisconsin-Milwaukee Panthers,+500000
2018,Missouri-Kansas City Kangaroos,+500000
2018,Missouri State Bears,+500000
2018,Montana Grizzlies,+500000
2018,Montana State Bobcats,+500000
2018,Morehead State Eagles,+500000
2018,Morgan State Bears,+500000
2018,Mount Saint Marys Mountaineers,+500000
2018,Murray State Racers,+500000
2018,Nebraska-Omaha Mavericks,+500000
2018,New Hampshire Wildcats,+500000
2018,New Orleans Privateers,+500000
2018,Nicholls State Colonels,+500000
2018,Norfolk State Spartans,+500000
2018,North Carolina-Asheville Bulldogs,+500000
2018,North Carolina Central Eagles,+500000
2018,North Dakota Fighting Hawks,+500000
2018,North Dakota State Bison,+500000
2018,North Florida Ospreys,+500000
2018,North Texas Mean Green Eagles,+500000
2018,Northeastern Huskies,+500000
2018,Northern Arizona Lumberjacks,+500000
2018,Northern Colorado Bears,+500000
2018,Northern Illinois Huskies,+500000
2018,Northern Kentucky Norse,+500000
2018,Northwestern State Demons,+500000
2018,Oral Roberts Golden Eagles,+500000
2018,Pacific Tigers,+500000
2018,Portland Pilots,+500000
2018,Presbyterian Blue Hose,+500000
2018,Robert Morris Colonials,+500000
2018,California State-Sacramento Hornets,+500000
2018,Sacred Heart Pioneers,+500000
2018,Saint Francis-Pennsylvania Red Flash,+500000
2018,Saint Louis Billikens,+500000
2018,Saint Peters Peacocks,+500000
2018,Sam Houston State Bearkats,+500000
2018,San Diego Toreros,+500000
2018,San Francisco Dons,+500000
2018,San Jose State Spartans,+500000
2018,Santa Clara Broncos,+500000
2018,Savannah State Tigers,+500000
2018,Siena College Saints,+500000
2018,South Alabama Jaguars,+500000
2018,South Carolina State Bulldogs,+500000
2018,South Carolina-Upstate Spartans,+500000
2018,South Dakota Coyotes,+500000
2018,South Dakota State Jackrabbits,+500000
2018,South Florida Bulls,+500000
2018,Southeast Missouri State Redhawks,+500000
2018,Southeastern Louisiana Lions,+500000
2018,Southern Illinois Salukis,+500000
2018,Southern Illinois-Edwardsville Cougars,+500000
2018,Southern Mississippi Golden Eagles,+500000
2018,Southern Utah Thunderbirds,+500000
2018,Saint Francis-New York Terriers,+500000
2018,Stephen F. Austin State Lumberjacks,+500000
2018,Stetson Hatters,+500000
2018,Stony Brook Seawolves,+500000
2018,Tennessee-Martin Skyhawks,+500000
2018,Tennessee State Tigers,+500000
2018,Tennessee Tech Golden Eagles,+500000
2018,Texas A&M-Corpus Christi Islanders,+500000
2018,Texas-Arlington Mavericks,+500000
2018,Texas-El Paso Miners,+500000
2018,Texas Rio Grande Vaqueros,+500000
2018,Texas-San Antonio Roadrunners,+500000
2018,Texas Southern Tigers,+500000
2018,Texas State Bobcats,+500000
2018,Toledo Rockets,+500000
2018,Towson Tigers,+500000
2018,Tulane Green Wave,+500000
2018,Tulsa Golden Hurricane,+500000
2018,Utah Valley Wolverines,+500000
2018,Virginia Military Keydets,+500000
2018,Wagner Seahawks,+500000
2018,Weber State Wildcats,+500000
2018,Western Carolina Catamounts,+500000
2018,Western Illinois Leathernecks,+500000
2018,Western Michigan Broncos,+500000
2018,William & Mary Tribe,+500000
2018,Winthrop Eagles,+500000
2018,Wofford Terriers,+500000
2018,Wright State Raiders,+500000
2018,Wyoming Cowboys,+500000
2018,Youngstown State Penguins,+500000
2018,Pennsylvania Quakers,+650000
2018,Howard Bison,+999999
2018,Idaho State Bengals,+999999
2018,Iona Gaels,+999999
2018,IUPU-Fort Wayne Mastadons,+999999
2018,Indiana-Purdue Jaguars,+999999
2018,Lamar Cardinals,+999999
2018,Lehigh Mountain Hawks,+999999
2018,Liberty University Flames,+999999
2018,Lipscomb Bison,+999999
2018,Longwood Lancers,+999999
2018,Manhattan Jaspers,+999999
2018,Marist Red Foxes,+999999
2018,Marshall Thundering Herd,+999999
2018,Massachusetts Minutemen,+999999
2018,Mercer Bears,+999999
2018,Navy Midshipmen,+999999
2018,Niagara Purple Eagles,+999999
2018,New Jersey Tech Highlanders,+999999
2018,North Carolina A&T Aggies,+999999
2018,Pepperdine Waves,+999999
2018,Portland State Vikings,+999999
2018,Prairie View A&M Panthers,+999999
2018,Quinnipiac Bobcats,+999999
2018,Radford Highlanders,+999999
2018,Rice University Owls,+999999
2018,Rider Broncs,+999999
2018,Rutgers Scarlet Knights,+999999
2018,Samford Bulldogs,+999999
2018,Seattle University Red Hawks,+999999
2018,Southern University A&M Jaguars,+999999
2019,Duke Blue Devils,+450
2019,Kentucky Wildcats,+600
2019,Kansas Jayhawks,+765
2019,Gonzaga Bulldogs,+1050
2019,North Carolina Tar Heels,+1075
2019,Virginia Cavaliers,+1350
2019,Nevada Wolf Pack,+1400
2019,Villanova Wildcats,+1900
2019,Michigan State Spartans,+2650
2019,Oregon Ducks,+2650
2019,Tennessee Volunteers,+2650
2019,Indiana Hoosiers,+3500
2019,Michigan Wolverines,+4000
2019,Syracuse Orange,+4000
2019,West Virginia Mountaineers,+4000
2019,Auburn Tigers,+4500
2019,Florida Gators,+5000
2019,Mississippi State Bulldogs,+6000
2019,Purdue Boilermakers,+6000
2019,Texas Tech Red Raiders,+7000
2019,Cincinnati Bearcats,+8000
2019,Miami-Florida Hurricanes,+8000
2019,Virginia Tech Hokies,+8000
2019,Florida State Seminoles,+8500
2019,Marquette Golden Eagles,+8500
2019,Ohio State Buckeyes,+8500
2019,Arizona Wildcats,+10000
2019,Arizona State Sun Devils,+10000
2019,Clemson Tigers,+10000
2019,Kansas State Wildcats,+10000
2019,Louisiana State Tigers,+10000
2019,Maryland Terrapins,+10000
2019,North Carolina State Wolfpack,+10000
2019,Texas Longhorns,+10000
2019,Texas A&M Aggies,+10000
2019,UCLA Bruins,+10000
2019,Wichita State Shockers,+10000
2019,Louisville Cardinals,+12000
2019,Saint Johns Red Storm,+12000
2019,Wisconsin Badgers,+12000
2019,Xavier Musketeers,+12000
2019,Alabama Crimson Tide,+12500
2019,Arkansas Razorbacks,+12500
2019,Baylor Bears,+12500
2019,Butler Bulldogs,+12500
2019,Penn State Nittany Lions,+12500
2019,Texas Christian Horned Frogs,+12500
2019,Iowa State Cyclones,+15000
2019,Vanderbilt Commodores,+17500
2019,Notre Dame Fighting Irish,+20000
2019,Washington Huskies,+20000
2019,Houston Cougars,+21500
2019,Memphis Tigers,+22500
2019,Missouri Tigers,+22500
2019,Providence Friars,+22500
2019,San Diego State Aztecs,+22500
2019,Seton Hall Pirates,+22500
2019,South Carolina Gamecocks,+22500
2019,Southern California Trojans,+22500
2019,Southern Methodist Mustangs,+22500
2019,Creighton Blue Jays,+25000
2019,Minnesota Golden Gophers,+25000
2019,Oklahoma Sooners,+25000
2019,Rhode Island Rams,+25000
2019,Saint Marys College-California Gaels,+25000
2019,Utah Utes,+25000
2019,Illinois Fighting Illini,+27500
2019,Connecticut Huskies,+30000
2019,Iowa Hawkeyes,+30000
2019,Georgetown Hoyas,+32500
2019,Georgia Bulldogs,+35000
2019,Loyola-Chicago Ramblers,+35000
2019,Nebraska Cornhuskers,+35000
2019,UNLV Rebels,+35000
2019,New Mexico Lobos,+35000
2019,Northwestern Wildcats,+35000
2019,Oklahoma State Cowboys,+35000
2019,Saint Louis Billikens,+35000
2019,Central Florida Knights,+45000
2019,Boise State Broncos,+50000
2019,Boston College Eagles,+50000
2019,Brigham Young Cougars,+50000
2019,Buffalo Bulls,+50000
2019,Colorado Buffaloes,+50000
2019,Davidson College Wildcats,+50000
2019,Harvard Crimson,+50000
2019,Illinois State Redbirds,+50000
2019,Oregon State Beavers,+50000
2019,Rutgers Scarlet Knights,+50000
2019,Saint Josephs-Pennsylvania Hawks,+50000
2019,Western Kentucky Hilltoppers,+50000
2019,Fresno State Bulldogs,+55000
2019,Georgia Tech Yellow Jackets,+55000
2019,Mississippi Rebels,+55000
2019,Old Dominion Monarchs,+55000
2019,Temple Owls,+55000
2019,Wake Forest Demon Deacons,+55000
2019,Stanford Cardinal,+60000
2019,Tulsa Golden Hurricane,+60000
2019,College of Charleston Cougars,+100000
2019,Dayton Flyers,+100000
2019,DePaul Blue Demons,+100000
2019,Marshall Thundering Herd,+100000
2019,New Mexico State Aggies,+100000
2019,Northern Iowa Panthers,+100000
2019,Richmond Spiders,+100000
2019,Saint Bonaventure Bonnies,+100000
2019,Utah State Aggies,+100000
2019,Virginia Commonwealth Rams,+100000
2019,Georgia State Panthers,+150000
2019,Alabama-Birmingham Blazers,+200000
2019,Belmont Bruins,+200000
2019,Bradley Braves,+200000
2019,Colorado State Rams,+200000
2019,Furman  Paladins,+200000
2019,Grand Canyon Antelope,+200000
2019,La Salle Explorers,+200000
2019,Lafayette College Leopards,+200000
2019,Missouri State Bears,+200000
2019,Montana Grizzlies,+200000
2019,Northeastern Huskies,+200000
2019,Southern Illinois Salukis,+200000
2019,Toledo Rockets,+200000
2019,Tulane Green Wave,+200000
2019,Valparaiso Crusaders,+200000
2019,Vermont Catamounts,+200000
2019,Western Michigan Broncos,+200000
2019,Wright State Raiders,+200000
2019,Stetson Hatters,+350000
2019,Albany Great Danes,+500000
2019,Ball State Cardinals,+500000
2019,Bucknell Bison,+500000
2019,California State-Fullerton Titans,+500000
2019,California Golden Bears,+500000
2019,California-Davis Aggies,+500000
2019,California-Irvine Anteaters,+500000
2019,California-Santa Barbara Gauchos,+500000
2019,Central Michigan Chippewas,+500000
2019,Cleveland State Vikings,+500000
2019,Duquesne Dukes,+500000
2019,East Tennessee State Buccaneers,+500000
2019,Eastern Michigan Eagles,+500000
2019,Evansville Aces,+500000
2019,Florida Gulf Coast Eagles,+500000
2019,George Mason Patriots,+500000
2019,Georgia Southern Eagles,+500000
2019,Hawaii Rainbow Warriors,+500000
2019,Illinois-Chicago Flames,+500000
2019,Indiana State Sycamores,+500000
2019,Iona Gaels,+500000
2019,Jacksonville State Gamecocks,+500000
2019,Kent State Golden Flashes,+500000
2019,Liberty University Flames,+500000
2019,Louisiana Tech Bulldogs,+500000
2019,Maryland-Baltimore County Retrievers,+500000
2019,Massachusetts Minutemen,+500000
2019,Miami-Ohio Redhawks,+500000
2019,Wisconsin-Milwaukee Panthers,+500000
2019,Monmouth-New Jersey Hawks,+500000
2019,North Dakota State Bison,+500000
2019,North Texas Mean Green Eagles,+500000
2019,Northern Kentucky Norse,+500000
2019,Oakland Golden Grizzlies,+500000
2019,Ohio Bobcats,+500000
2019,Pittsburgh Panthers,+500000
2019,Portland Pilots,+500000
2019,Princeton Tigers,+500000
2019,Rider Broncs,+500000
2019,San Diego Toreros,+500000
2019,San Francisco Dons,+500000
2019,Seattle University Red Hawks,+500000
2019,South Alabama Jaguars,+500000
2019,South Dakota Coyotes,+500000
2019,South Dakota State Jackrabbits,+500000
2019,Southern Mississippi Golden Eagles,+500000
2019,Stephen F. Austin State Lumberjacks,+500000
2019,Texas-Arlington Mavericks,+500000
2019,Texas-San Antonio Roadrunners,+500000
2019,Texas State Bobcats,+500000
2019,Towson Tigers,+500000
2019,Utah Valley Wolverines,+500000
2019,Washington State Cougars,+500000
2019,Weber State Wildcats,+500000
2019,William & Mary Tribe,+500000
2019,Wofford Terriers,+500000
2019,Wyoming Cowboys,+500000
2019,Yale Bulldogs,+500000
2019,American Eagles,+750000
2019,North Carolina-Asheville Bulldogs,+900000
2019,Abilene Christian Wildcats,+999999
2019,Air Force Falcons,+999999
2019,Akron Zips,+999999
2019,Alabama A&M Bulldogs,+999999
2019,Alabama State Hornets,+999999
2019,Alcorn State Braves,+999999
2019,Appalachian State Mountaineers,+999999
2019,Arkansas-Little Rock Trojans,+999999
2019,Arkansas-Pine Bluff Golden Lions,+999999
2019,Arkansas State Red Wolves,+999999
2019,Army Black Knights,+999999
2019,Austin Peay State Governors,+999999
2019,Bethune Cookman Wildcats,+999999
2019,Binghamton Bearcats,+999999
2019,Boston University Terriers,+999999
2019,Bowling Green State Falcons,+999999
2019,Brown Bears,+999999
2019,Bryant University Bulldogs,+999999
2019,Cal Poly-Slo Mustangs,+999999
2019,California State-Bakersfield Roadrunners,+999999
2019,California State-Northridge Matadors,+999999
2019,California-Riverside Highlanders,+999999
2019,Campbell Fighting Camels,+999999
2019,Canisius Golden Griffins,+999999
2019,Central Arkansas Bears,+999999
2019,Central Connecticut State Blue Devils,+999999
2019,Charleston Southern Buccaneers,+999999
2019,North Carolina-Charlotte 49ers,+999999
2019,Tennessee-Chattanooga Moccasins,+999999
2019,Chicago State Cougars,+999999
2019,Citadel Bulldogs,+999999
2019,Coastal Carolina Chanticleers,+999999
2019,Colgate Red Raiders,+999999
2019,Columbia Lions,+999999
2019,Coppin State Eagles,+999999
2019,Cornell Big Red,+999999
2019,Dartmouth College Big Green,+999999
2019,Delaware Blue Hens,+999999
2019,Delaware State Hornets,+999999
2019,Denver Pioneers,+999999
2019,Detroit-Mercy Titans,+999999
2019,Drake Bulldogs,+999999
2019,Drexel Dragons,+999999
2019,East Carolina Pirates,+999999
2019,Eastern Illinois Panthers,+999999
2019,Eastern Kentucky Colonels,+999999
2019,Eastern Washington Eagles,+999999
2019,Elon Phoenix,+999999
2019,Fairfield Stags,+999999
2019,Fairleigh Dickinson-Metropolitan Knights,+999999
2019,Florida A&M Rattlers,+999999
2019,Florida Atlantic Owls,+999999
2019,Florida International Panthers,+999999
2019,Fordham Rams,+999999
2019,Gardner Webb Runnin Bulldogs,+999999
2019,George Washington Colonials,+999999
2019,Grambling State Tigers,+999999
2019,Wisconsin-Green Bay Phoenix,+999999
2019,Hampton University Pirates,+999999
2019,Hartford Hawks,+999999
2019,High Point Panthers,+999999
2019,Hofstra Pride,+999999
2019,Holy Cross Crusaders,+999999
2019,Houston Baptist Huskies,+999999
2019,Howard Bison,+999999
2019,Idaho Vandals,+999999
2019,Idaho State Bengals,+999999
2019,Incarnate Word Cardinals,+999999
2019,IUPU-Fort Wayne Mastadons,+999999
2019,Indiana-Purdue Jaguars,+999999
2019,Jackson State Tigers,+999999
2019,Jacksonville Dolphins,+999999
2019,James Madison Dukes,+999999
2019,Kennesaw State Owls,+999999
2019,Lamar Cardinals,+999999
2019,Lehigh Mountain Hawks,+999999
2019,Lipscomb Bison,+999999
2019,Cal State Long Beach,+999999
2019,Long Island Brooklyn Blackbirds,+999999
2019,Longwood Lancers,+999999
2019,Louisiana-Lafayette Ragin Cajuns,+999999
2019,Louisiana-Monroe Warhawks,+999999
2019,Loyola-Marymount Lions,+999999
2019,Loyola-Maryland Greyhounds,+999999
2019,Maine Black Bears,+999999
2019,Manhattan Jaspers,+999999
2019,Marist Red Foxes,+999999
2019,Maryland-Eastern Shore Hawks,+999999
2019,Massachusetts-Lowell River Hawks,+999999
2019,McNeese State Cowboys,+999999
2019,Mercer Bears,+999999
2019,Mississippi Valley State Delta Devils,+999999
2019,Missouri-Kansas City Kangaroos,+999999
2019,Montana State Bobcats,+999999
2019,Morehead State Eagles,+999999
2019,Morgan State Bears,+999999
2019,Mount Saint Marys Mountaineers,+999999
2019,Murray State Racers,+999999
2019,Navy Midshipmen,+999999
2019,Nebraska-Omaha Mavericks,+999999
2019,New Hampshire Wildcats,+999999
2019,New Orleans Privateers,+999999
2019,Niagara Purple Eagles,+999999
2019,Nicholls State Colonels,+999999
2019,New Jersey Tech Highlanders,+999999
2019,Norfolk State Spartans,+999999
2019,North Carolina A&T Aggies,+999999
2019,North Carolina Central Eagles,+999999
2019,North Dakota Fighting Hawks,+999999
2019,North Florida Ospreys,+999999
2019,Northern Arizona Lumberjacks,+999999
2019,Northern Colorado Bears,+999999
2019,Northern Illinois Huskies,+999999
2019,Northwestern State Demons,+999999
2019,Oral Roberts Golden Eagles,+999999
2019,Pacific Tigers,+999999
2019,Pepperdine Waves,+999999
2019,Portland State Vikings,+999999
2019,Prairie View A&M Panthers,+999999
2019,Presbyterian Blue Hose,+999999
2019,Quinnipiac Bobcats,+999999
2019,Radford Highlanders,+999999
2019,Rice University Owls,+999999
2019,Robert Morris Colonials,+999999
2019,California State-Sacramento Hornets,+999999
2019,Sacred Heart Pioneers,+999999
2019,Saint Francis-Pennsylvania Red Flash,+999999
2019,Saint Peters Peacocks,+999999
2019,Sam Houston State Bearkats,+999999
2019,Samford Bulldogs,+999999
2019,San Jose State Spartans,+999999
2019,Santa Clara Broncos,+999999
2019,Savannah State Tigers,+999999
2019,Siena College Saints,+999999
2019,South Carolina State Bulldogs,+999999
2019,South Carolina-Upstate Spartans,+999999
2019,South Florida Bulls,+999999
2019,Southeast Missouri State Redhawks,+999999
2019,Southeastern Louisiana Lions,+999999
2019,Southern University A&M Jaguars,+999999
2019,Southern Illinois-Edwardsville Cougars,+999999
2019,Southern Utah Thunderbirds,+999999
2019,Saint Francis-New York Terriers,+999999
2019,Stony Brook Seawolves,+999999
2019,Tennessee-Martin Skyhawks,+999999
2019,Tennessee State Tigers,+999999
2019,Tennessee Tech Golden Eagles,+999999
2019,Texas A&M-Corpus Christi Islanders,+999999
2019,Texas-El Paso Miners,+999999
2019,Texas Rio Grande Vaqueros,+999999
2019,Texas Southern Tigers,+999999
2019,Troy Trojans,+999999
2019,Virginia Military Keydets,+999999
2019,Wagner Seahawks,+999999
2019,Western Carolina Catamounts,+999999
2019,Western Illinois Leathernecks,+999999
2019,Winthrop Eagles,+999999
2019,Youngstown State Penguins,+999999
